Problem ID,Function ID,Instance ID,Algorithm,Best Solution (X),Best Function Value (F)
bbob_f001_i01_d20,1,1,PSO,"[0.2659813515042303, -1.1578973060334492, -0.7009936878758202, 1.909960381568985, -2.6586674513171853, 0.45126883049659733, -0.1434295047068516, 0.1180141572974721, -1.6338641099557571, -3.062761272164885, -3.8656926075216207, 2.024489429906349, 1.0654962960605574, -0.06345190036907483, 3.6337539102725533, 2.9222929933176744, -0.13556572873031494, -3.9283310578981925, 2.382914002019003, 1.3596684061003514]",79.48455388745793
bbob_f001_i01_d20,1,1,CMAES,"[0.2527999390991367, -1.1568005844259477, -0.7240001193402925, 1.9264000077615808, -2.680799785571178, 0.4392003061962315, -0.1168000708529604, 0.12000005646391543, -1.6375996873574774, -3.051199617768072, -3.8535997380835507, 2.0159999325980564, 1.086399698019389, -0.08640002803480851, 3.6472004200433332, 2.9087991932009434, -0.12479967426373761, -3.9280002088664387, 2.3623999366694317, 1.3584003233605646]",79.48000000000201
bbob_f001_i01_d20,1,1,DE,"[0.1900443366091858, -1.716627812081167, -0.8555989907660335, 1.6671315743530128, -3.1537054229516697, 0.8379151047191544, 0.6413308829178987, 0.46060496081002156, -1.607547600367118, -3.776276735443287, -3.793551456210929, 2.0141740148717586, 0.7486237932211958, -0.10652032882139983, 3.2326258788657594, 2.987322143847745, -0.037864858095635306, -4.299084385151772, 2.3575014191081127, 1.6797198218163247]",82.02658667923822
bbob_f002_i01_d20,2,1,PSO,"[1.303154860831867, 0.6041116006676307, 3.6366201421134465, 2.3239297879281824, 1.6064345240657283, 2.705153594816564, 2.3629568297073993, -0.09760174366750612, -1.1436645957918488, 2.5905208281771728, 0.9022912980655273, 1.5689774745093261, 3.992149952742727, -1.4133874428596174, -1.5325328923318464, -3.768708890978535, -3.0612415834278783, 3.0639886035926884, -2.3805896095630494, 1.9201524204775]",-205.47297773655157
bbob_f002_i01_d20,2,1,CMAES,"[-4.750056149532127, 3.322805237469236, 3.5339802682862143, -0.2285137997506972, 3.322984659574818, 2.1532728387345257, 1.9389313034070534, 0.3657367174331574, -1.2914322001403091, 2.5620318637671264, 0.9215371026453347, 1.515249168935469, 3.9473372338153574, -1.4355148871411343, -1.5470935327714415, -3.773229012971898, -3.068301824441435, 3.063928417285732, -2.3810074960738015, 1.922021317457654]",34.861647854655814
bbob_f002_i01_d20,2,1,DE,"[-2.9032192256063825, -3.8326352911437036, 3.157811701271701, -3.915928273214865, 3.087546210155708, -1.8114393671028566, 1.3084404086281685, 0.18128290580349338, 1.5974621733981307, 2.2682488970165817, 1.4577117578632979, 1.3089340008662445, 3.845138945637548, -1.2907302724188334, -1.4778307138705824, -3.59479904129401, -3.1483659498651995, 3.063113300641889, -2.360919570644394, 1.9320093843985937]",7550.872170378866
bbob_f003_i01_d20,3,1,PSO,"[-4.34589761418587, 3.3402383722741704, 2.2919406415148043, 0.6340042372157274, 0.869416385515202, 0.7692930661374772, 2.530597440539348, 1.9028401064732945, 2.4275814751967792, -0.48745014006982584, -2.7319282072329867, -3.696167127016583, -0.12412834802040609, -1.9682463780380728, -1.3468097940885597, -3.9171741216705547, -0.26858027316521094, 3.704081504584146, -2.2022770656119697, 1.1180747962531503]",-398.64877735626794
bbob_f003_i01_d20,3,1,CMAES,"[-4.29794087014002, 2.301078023929991, 4.624788874044029, -0.8016032644263902, 3.958387977998285, 3.6118039860916333, 3.2295844798603905, 3.2148400711878704, 1.8047863263761315, 0.6158458931118176, -2.75073298101503, -3.784517632592601, -0.13657774335067607, -2.47096615302252, -1.7988448589132706, -4.7782883641128615, -0.33975036157601934, 3.7628590482056783, -2.4382225807384987, 1.8204235704764145]",-423.1779973356123
bbob_f003_i01_d20,3,1,DE,"[-3.1360519609113586, 4.83676940184464, 3.2061591151075723, -0.30943459735562673, 1.67077716748142, 3.454950185112877, 3.2599185163183506, 4.113059529561212, 2.9186535343862516, 0.5168004542986774, -3.4393314837092923, -3.2667351681247716, -0.22285223623238914, -2.8947041626531442, -0.8869043667790305, -3.923497910236981, -0.01796421313535157, 3.7685597591565436, -3.5283881369981227, 1.5185762729895456]",-336.55989138625523
bbob_f004_i01_d20,4,1,PSO,"[2.295216521912009, 2.4415899272666852, -0.5746089427165735, -0.16754423277270944, 1.5114460898921307, -0.03136914131379792, 0.45063261813897876, 2.5440831519768503, 1.8738809391043407, 1.8777498937740549, 2.149344216688308, -4.362193436608709, -0.35361675271684145, -2.4780387353199638, -0.18401727712753016, -3.5830113327311546, 0.3193976830248109, 3.2599468052778793, 2.4890741976300608, 2.3967494864954175]",-379.27435671360513
bbob_f004_i01_d20,4,1,CMAES,"[1.3446574190725453, 0.5084185831945458, 1.2989899335907875, 4.870058069292838, 2.2991727464393508, 2.1747182500169426, 1.7935769445185246, 0.6933280214722704, 1.135662066589389, 0.6016943288056753, 2.749728850784545, -3.78358586340633, 0.13796786520327142, -1.7187776058791209, 0.9710368027837895, -4.7763489884317485, -0.4735194239224745, 3.6842097473854842, 2.0991957818697724, 1.1324568052414188]",-389.456191968539
bbob_f004_i01_d20,4,1,DE,"[1.1412665209341937, 0.42902934120026537, 1.9030718216102704, -1.0342698037746016, 2.2816617594742366, 2.771678185645915, -0.2950232384779099, 0.5764078447416903, 1.2440155695748523, -0.5152516299452934, 1.457089292148965, -4.770607635906302, -1.1301076574370783, -3.438192798087964, 0.1848529002183653, -4.109199513881033, -0.3761019128450704, 3.3455001079879345, 2.494856915246966, 2.030528997840361]",-270.226750654064
bbob_f005_i01_d20,5,1,PSO,"[4.999999999351489, 4.999999984509451, 4.999999999970829, 4.999999991198307, -4.999999999843067, 4.999999999999969, 4.999999999563311, 4.999999989873203, 4.999999999235504, -4.999999999987351, -4.9999999994083035, -4.999999999962933, 4.999999999106398, 4.999999998592216, -4.999999999959682, -4.999999999923522, 4.999999999833005, 4.999999121330906, -4.999999999989235, 4.99999999887475]",-9.209993020900836
bbob_f005_i01_d20,5,1,CMAES,"[4.99999999991703, 4.999999999981165, 4.9999999999762395, 4.999999999971424, -4.999999999999995, 4.999999999987816, 4.999999999999998, 4.999999999977774, 4.999999999986395, -4.999999999998826, -4.999999999997803, -4.999999999999989, 4.9999999999979, 4.9999999999971845, -4.999999999999753, -4.999999999999701, 4.999999999999677, 4.999999999999977, -4.9999999999997415, 4.999999999994202]",-9.209999999614858
bbob_f005_i01_d20,5,1,DE,"[4.998096636168822, 4.675085697548202, 4.991781907942533, 4.689238062429768, -4.345934986025432, 4.946151906344275, 4.998842472815577, 4.955488283427364, 4.769278973446622, -4.9816725084355635, -4.958499995830806, -4.999656580676022, 4.982843524717886, 4.952669097224456, -4.915656486198893, -4.910580840530629, 4.999968276375469, 4.954951990518465, -4.999890609182862, 4.999853514294555]",-4.64389548178977
bbob_f006_i01_d20,6,1,PSO,"[2.8389041357366778, 2.7636093153802284, 4.711477024183769, 4.144100491782983, -2.8847873387613654, -3.413262675144425, -1.8514528365077325, -2.242016967430338, -0.3086981794928441, -3.4660823899234376, -2.1545857635934085, -0.6696332648099921, -1.1866480713394632, 0.7599656005579213, 0.7274122342680672, -4.828994114681189, 0.7957824784023578, 4.931298403758922, -2.7874598513486095, -2.819074577922865]",78.37266251281038
bbob_f006_i01_d20,6,1,CMAES,"[2.7667744731773203, 1.1344169083360844, 2.6494286017724047, 3.4328468946612283, -1.4331098956992867, -3.100186134158738, -2.5414074748692856, -2.1485434405467845, -3.1037785558437156, -2.937520127672869, -1.528162979327838, 1.3438410323463215, -0.38714485161552936, -0.4029602707624882, 1.7332543811441683, -3.78712120248957, 0.6202748700888812, 3.026155701828948, -0.8110751366856022, -3.112735111177794]",35.952380859475035
bbob_f006_i01_d20,6,1,DE,"[1.6329580312850407, 4.127001948876293, 4.432269992613612, 3.702895351483725, -4.467126455663771, -3.8700155785555213, -2.70548052290446, -4.999178886562971, -1.2803137588082933, -4.503018495845273, -2.0561067225424994, -1.493512457879164, -0.91440736623458, -3.1117309661670935, 0.6071896149095022, -3.3087026098641683, 0.7338863805977227, 4.945865857872281, -2.5901684902108584, -2.516604749630596]",120.35757175633285
bbob_f007_i01_d20,7,1,PSO,"[-0.8373702626413856, 0.010477502706300192, -1.0874157075848978, 3.295189108716138, 2.3079111271694472, 4.633412249422972, 2.6798284490664703, -0.6649624054606414, 3.725923663265071, 3.0263824641792927, -0.9333446019978021, -3.970176576508358, 0.8525389546674562, 2.3208475920611527, 2.2568079180225964, 0.022135131239829638, 3.5166069795184485, -3.58471843317115, 0.3847086549832618, 2.0942482056506275]",109.22259558420869
bbob_f007_i01_d20,7,1,CMAES,"[0.00632293727727351, 0.5845210536847549, 0.9592346815212842, 2.3051134747533393, 3.188608417446538, 4.705477725326531, 1.1966202204990664, -1.241967134120224, 4.811174232909654, 2.493297338369586, 1.8618005887804134, -4.454043401803703, -1.1109907619218689, 0.8580662174652058, 2.096586664718317, 1.670288901834672, 1.9151184090110016, -2.7815121939092897, 3.820470121984542, 1.0337237680830853]",99.70108951729188
bbob_f007_i01_d20,7,1,DE,"[-0.1491042296105758, 4.110746296787168, 1.8014890047657537, 3.1906188488377367, 2.8207447680224798, 2.7432148864680497, 3.909253295754816, -3.8834863485045803, 1.4789413220767462, 4.913465087318091, 0.09952452663553157, -4.996774873886132, 1.4045959232352856, 2.4469457856448145, -0.7181519939539222, 2.248168707059258, 4.792913907058389, -3.842711877270669, -1.1917222856883223, -0.5462301859313605]",152.319293325701
bbob_f008_i01_d20,8,1,PSO,"[-0.2869787374559717, -0.7259265658357216, -0.5009428659228837, 1.1513072883088205, -3.599847254824757, -2.144666285888781, -1.7846800783017773, -2.05959435174379, -0.8993273671972375, -0.4918856934629873, -2.6872501260495003, -0.22207344089892259, 1.120467425549016, -0.7349016320508533, -0.7119638444937576, -0.37656190348175916, 0.4144456345559097, 1.2823387594974616, -0.10545037037406114, 3.42180006147185]",234.67047229367822
bbob_f008_i01_d20,8,1,CMAES,"[-0.09936652375460753, -0.4660788657857964, -0.17130518208774248, 1.4979303266682855, -3.324846672694684, -2.0113288735713897, -1.7781544144543053, -2.0635274383672737, -0.9011666661018225, -0.4718142106181009, -2.6606122928345237, -0.2048144224347599, 1.7544514167734082, -1.5662511448577, -1.6962856963989918, -1.4707227827067642, -0.8432825274044244, -0.35842326913042477, -2.799372942392085, -3.852316543584874]",163.26414671819072
bbob_f008_i01_d20,8,1,DE,"[-0.5123612549658348, -0.37724264059546453, -0.36907656710173914, 0.771561228932801, -4.563215752978879, -2.203026385684771, -1.7597725888345175, -2.0442673580668247, -0.3419451875454477, -0.5451076294949249, -1.6951822395633505, 0.4864590878973074, 2.4224572635453203, -0.25593427926612394, -1.3637009152306738, -0.7094369188909049, 0.17258118815676457, 0.042389276409463605, -1.987738254673773, -1.878248603638907]",1089.652540994263
bbob_f009_i01_d20,9,1,PSO,"[-0.12073339920454135, 0.5034894801229379, 0.8253098914715232, -0.15015070865641564, -0.5591507356408683, -0.03931534476087532, 0.36798600486698285, 0.11433161633540076, 0.09847616910699886, -0.8997095953545864, 0.0815566143427095, 0.3062815833580893, -0.3835294172351524, 0.17938157999930626, 0.5536318216524968, 0.5840630901356646, -1.0240620240375637, -0.032380951373824234, 0.07603925307065948, 0.02833789963222661]",142.87295987763338
bbob_f009_i01_d20,9,1,CMAES,"[-0.0991507323756915, 0.34698275342937634, 0.7813178743238582, -0.38734911902766456, -0.21120608442550282, -0.23285503039212152, 0.3287660987816752, 0.031340014862263565, -0.08645364056620952, -0.5492060140397106, -0.22113161309061802, 0.5948104741389777, -0.2545196354751402, 0.2798471583236619, 0.5765652434208466, 0.5913553468387196, -0.9229094916025415, -0.1346396327031094, 0.5331535273966157, 0.3890761171118271]",138.5591045582814
bbob_f009_i01_d20,9,1,DE,"[0.6858489261650829, -0.38038245267593224, -1.0812491220635243, 0.17582521277287144, 0.760509783787093, 0.6552200751382551, 0.07119423548204473, -0.668066794419265, -1.2214616098963393, 0.33126042240553133, -1.328849286335327, -1.2834542327581753, -2.028729526295379, 0.11311994162065908, -0.12122943773144812, -1.432825295277545, -1.1748679649227896, 0.09859443402430457, 0.6898520623891785, -0.08234318049711065]",819.1449933498797
bbob_f010_i01_d20,10,1,PSO,"[-1.0607626954783653, -4.5589263858297935, -2.7374917920317285, 4.495603992698809, -0.06536100654040787, 4.989782711096631, 2.04855768157915, -2.8104357945490688, -2.2479803959803024, -1.1309242775105508, 3.107293593143144, 0.17438121216442265, 2.6820778299150017, -0.04392589215039522, 4.16494319676795, 3.5968589422043937, -1.045618390326504, 4.276754639725296, 3.5555465941856443, 3.4275799672867464]",61013.608731021035
bbob_f010_i01_d20,10,1,CMAES,"[-2.7465566858706985, -0.4236185339508758, -1.6399482419396265, 4.328274003487321, 4.999749552707147, 4.867007220422716, -1.2294905970937702, 1.8743578164814547, -3.0501893496670798, 1.5336231754305611, -3.7943560922709425, 0.9538234794313887, 4.99750602393034, -2.8927022009194294, 1.1377579631676928, 4.927580892596481, 1.617433111423777, -3.15242122753635, 3.0338316790858553, 1.8996904340599228]",1243.3884488440015
bbob_f010_i01_d20,10,1,DE,"[-2.5547069874681707, 3.2072882734449113, -3.647350136080859, 4.8543188851251555, 3.2058133531467377, 3.241571938096956, 3.057783298640797, 3.524849349055136, -2.6271215324769184, -0.432229875812395, -3.877302109035022, 2.7261511124857174, 3.689202254912038, -1.7896735672065522, 1.9241541658205215, 2.185116947819694, 4.2503072628182625, -1.8728846335574436, -0.9661997504876242, -1.9353342758323673]",187636.8300874779
bbob_f011_i01_d20,11,1,PSO,"[-0.24825443048844847, -2.1017717739872297, 0.9990660940356517, 1.7089440045152058, -0.7982110196646391, 1.2431876221279596, 2.2565109623772805, -0.07994339152457855, -0.37479855459303923, 0.41530561717280323, 2.438074456467251, -0.9776201271393747, 1.9369049164164398, 0.16458807796015498, 0.49165587668494243, -0.6989906117795702, 2.950683368160143, -3.2906540261465858, 0.15048334491892779, 0.5443700132279103]",161.68199175551229
bbob_f011_i01_d20,11,1,CMAES,"[0.6113154159565415, -1.4948253901748023, -0.5633892040296811, 0.5712391913222721, 4.564999171393977, -1.4128364656159462, 3.266907847594492, 1.8700344893647989, -0.7960739363444693, 3.365116070008691, -0.8979135144208197, 0.16957921130916986, 0.2838242692991777, 0.5456621191483482, -4.314554204288331, 2.587839268074857, 4.926201557425978, 2.545217566227609, -3.3147390552561156, 1.8967186705719863]",268.186591382833
bbob_f011_i01_d20,11,1,DE,"[1.434625222408049, 2.0126436894334723, 0.5665952349609167, -1.6524865628633623, 1.4182923009879262, -4.399703600910646, 1.5445873666971206, 0.5611209183132062, 1.8135975489130631, 3.671392999990884, 4.033043996987452, 3.7180509441943332, -1.581291396378465, -1.6831682697794847, -3.3672602873868023, -3.736776545746255, 0.08417537747209614, 4.212259270222955, 2.4290006619985762, -4.139505096798835]",292.12831380912985
bbob_f012_i01_d20,12,1,PSO,"[-1.3860238819999433, 3.8211621776191405, -0.12366334120528802, -4.432771109520137, -0.1417294474429855, -2.189493686023166, 0.7699101625739476, -0.8314499909993903, 1.2828151748471244, -0.21579960395249267, 0.9506384862910765, 2.658752644324995, 3.9231713733594242, 1.1900442264489888, 2.9396068178541968, -1.8832875236621573, 1.5423082480097787, 1.68417347984977, -0.39164203255920094, -0.03462294357468016]",11938.69151307791
bbob_f012_i01_d20,12,1,CMAES,"[0.6693852057669183, 4.3506511198936195, 1.3064234059738578, -1.4789325867222676, -1.8376600287008857, -1.6774678621455221, 3.152172278815275, -0.46700266321965955, 0.9763127774669922, -0.6659821748845953, 0.9375577037750835, 3.3891828730766598, 3.3307564638260665, 2.257956013556952, 0.9890867589345111, -2.5480112389789444, -0.1183783518998931, 3.4703472607223738, 3.066921969534768, -0.4848201083487522]",-587.4169602793835
bbob_f012_i01_d20,12,1,DE,"[-0.004063802990493803, 4.238352684330135, -0.0019936417065771206, -2.2203684656955076, -1.862716611981599, -1.852922530003287, 2.1419045368241667, -0.3643088669312202, 0.8243164616689009, -0.17648293812644988, 0.6683913517613695, 3.628894804815543, 3.9099115679935785, 2.045159781709432, 2.119290256709224, -1.4706187545858027, 0.4256871775226118, 2.6293236015964867, 2.6196326924307147, -0.6316828506204482]",3430215.1479636715
bbob_f013_i01_d20,13,1,PSO,"[0.8575819690674109, -1.6564716314412018, -3.7387685902562597, -1.9228254919777263, 3.20027223753383, 3.4108004703012864, -3.8924788448829983, -2.8316319053069137, 0.7766208610500505, -1.7111167472666786, 1.2555360401007556, -1.6972424132962523, 3.8660023609709366, 2.3150303288064853, -1.4845504639295275, 2.641623571479056, -2.605073169872353, -1.019994137228912, 1.5867000786067647, -3.375609346767597]",70.77156862756422
bbob_f013_i01_d20,13,1,CMAES,"[0.3391726032223854, -1.636598086322469, -3.927572222786558, -1.737927954705143, 3.231803632011477, 4.0588829202624375, -3.4558279268532965, -2.0681180029151838, 1.6864915163005065, -1.559235549816604, 2.051307178715673, -2.319157018495765, 4.426101777209034, 2.609094855552465, -1.6862609967297777, 2.527756436791755, -1.875484772563356, -2.201070643403499, 1.3129253405941022, -2.8356498564110186]",46.994844022892295
bbob_f013_i01_d20,13,1,DE,"[2.0662998732877735, -2.3690259806322893, -2.99272511964909, -1.415632205259627, 3.172915130472466, 2.524520854856938, -4.99913914683908, -3.542712641740843, 0.025492698531791147, -1.537286643344798, 1.3522340999740092, -0.9117813320105221, 4.326694471204977, 2.4372776398895457, -1.8061951760915769, 2.3989754898583566, -3.456938524940548, -0.31817508564324576, 1.8093216534338652, -3.6123586884833307]",414.7470117170957
bbob_f014_i01_d20,14,1,PSO,"[-0.8688700779463324, -1.3211264145712194, 2.815586031760449, -2.322969931438955, -1.463903088902315, 3.567190267272665, -3.9818433888023272, -0.08997395330452572, 2.745947219718168, -1.6408753754339462, 3.132124834109024, -0.5858666449366551, 3.492381519635285, -0.8002341983689077, -1.8546701372402572, 1.1027781339547444, -1.1911637745790222, 1.7544942995530348, 3.1463762493368677, -3.9668695216123253]",-52.32425412949186
bbob_f014_i01_d20,14,1,CMAES,"[-0.8291137283299053, -1.2551804057004339, 2.582042264881955, -2.352012080610689, -1.5258821226890755, 3.5970257160438024, -3.9011232916838345, -0.005704766316743104, 2.7956054074239596, -1.7216358871149757, 3.0239663526276885, -0.49335770368302523, 3.4731274630061044, -0.8749141838926358, -1.9206988545148636, 1.2500805441235467, -1.1498347680246104, 1.7465395660460192, 3.113326841567689, -3.937057467081982]",-52.34958201859131
bbob_f014_i01_d20,14,1,DE,"[-1.9972601123491267, -1.643174210033245, 2.1999639968160634, -1.7693136982032316, -1.893942850674582, 4.055913818180579, -4.178445027467143, 0.18841349926962847, 2.772876631696848, 0.25577324539482915, 3.7502368966745614, -0.31020451520674763, 3.751630943258144, -1.4011395520463925, -1.4592028901352356, 0.2606351562301561, 0.16709488891820445, 1.3614252678244299, 3.5899733054351812, -3.757695451226176]",-49.136626738470305
bbob_f015_i01_d20,15,1,PSO,"[-3.366182850339325, 1.744972636124593, 2.6193147089533055, 3.6480937545004313, 2.7889310030165118, -4.013108280370708, -2.2252071586365205, -0.18881123469611316, -3.2685661672039736, -1.6758706699926753, -3.153025910774527, -0.8835666390460457, -1.0891269003434676, -2.9937862565237343, 4.42249183320793, 3.1093414759779803, 3.247776149671468, 0.5185001043297397, -2.1585678911848243, -0.8822694472651113]",1050.6148343363311
bbob_f015_i01_d20,15,1,CMAES,"[-2.6052848928986636, 2.581464722432366, 3.95895397894642, 4.308450210299524, 3.1224760019143023, -3.3591556749728295, -3.8078151019764626, 0.09307090878869406, -2.3010055469439865, -2.104491598888359, -3.0723271747545917, -0.015756488001224866, 1.025783811372576, -3.229978984065971, 1.883221729417878, 4.305139315420455, 4.576870551563205, -0.2422849586254685, -2.0643570889719287, 0.25018579409378816]",1043.9876369184199
bbob_f015_i01_d20,15,1,DE,"[-0.7882186002072132, 4.507735453076124, 2.9308967504985404, 1.655819604162521, 3.6089024839893087, -3.8176112876820465, -0.34107393188406127, -2.3666380773363556, -2.9537532272130504, -1.2630693789529037, -1.3069159594860034, -1.702649207557391, 0.3777719701949156, -4.048983975317484, 2.4446743785255785, 2.8531188233343263, 3.0684485527790506, -0.3810309994657488, -1.594076509968551, 0.42722618812043156]",1220.959780219355
bbob_f016_i01_d20,16,1,PSO,"[-4.618920856198318, 4.73384917109994, 1.2937768275909545, -3.217548903133525, 0.6372077783114868, -4.471688594632937, -4.985424325041534, 0.1088542159678185, -0.1085799335086794, 0.011771093502050689, -4.377178584765484, -1.3463867899366035, -3.083825449099027, 2.171064544732513, 2.660423254318654, -1.28235212797405, 0.1810690479837564, 0.04898727120318436, -2.765411281465103, 0.0814130994067209]",78.53938520196044
bbob_f016_i01_d20,16,1,CMAES,"[-4.806459211006252, 4.5859060085164725, -1.109722973419375, 4.824562077558001, -4.995164840708794, -0.4263782890111152, -2.787994295937487, 4.529603940657569, 1.8211881004728516, 2.3149073108772003, 3.1881347955625667, -4.984915353967976, 0.7539156044861963, 1.1696460656847893, 3.159532671891494, 3.3940941980578785, -1.6683782351073013, -4.997569293506632, -1.2578261868842415, 0.14628178427474214]",71.77935657637926
bbob_f016_i01_d20,16,1,DE,"[3.4605459923646933, 1.8137369741503488, 4.632245123750535, -4.049297793386025, -2.0068245661054407, 0.13453250754961044, -1.468056892145282, -0.981772928673875, 2.1075160205420618, 4.947460313586, 0.3701615859209175, 4.815660861265816, -3.3226331494972836, 0.08482013429615964, -3.7755134337477267, -2.5960878761943107, -1.4788220086667658, 2.8361403420819755, -0.2026243295084491, 4.466766792396475]",93.91265207957969
bbob_f017_i01_d20,17,1,PSO,"[2.320122974981557, 2.2248986369796224, -1.8451638489821252, 2.491308093777129, 2.576935215959959, -1.5872662831304831, 1.639579595784204, -2.5249009182491258, -0.6542408871125487, -1.3205697344933647, 3.2120986970390963, 1.576337948392919, -2.3678172247716214, -2.2410815899603795, 1.4885530879648872, 1.5712158048617562, 3.6748299865356397, 0.9170986911048316, -0.8653636066725291, 0.08974462141257829]",-15.796884566831569
bbob_f017_i01_d20,17,1,CMAES,"[3.556666513876152, 2.6912932631630664, -1.5671848129416626, 1.127284912648613, 0.9389664227442136, -2.004238506454052, 4.0120152120714, -1.5241619179079868, -0.5120464209288462, -2.524368396983253, 4.0323401657809, -0.830772549521396, -2.475390001595572, -0.7074604421745985, 3.4937363842601403, 3.601722124790845, 4.621532472193268, -1.3519505585674674, 0.07835753839137638, 3.1214002130138887]",-16.909045892428793
bbob_f017_i01_d20,17,1,DE,"[2.848251796782642, 2.7771444684322106, -3.1317394732924626, 2.3143248577344466, 1.736792569397947, -1.4455975716153584, 2.549929576283178, -1.2863045803593762, -1.8179847345318907, -1.7669094373739174, 2.4250698825253667, 1.0167181743131974, -2.5677495127834904, -1.6366014943745304, 2.390544322273698, 3.4314248669320486, 3.0436808864463964, 0.08795514474040966, 1.3537096148845338, 2.5292619667373706]",-13.940590435546174
bbob_f018_i01_d20,18,1,PSO,"[3.020827549452342, 2.4356455079191988, -1.6480929383533267, 1.6502697244997904, 0.7241827120559369, -1.1126205375493754, 3.833676112592134, -2.049410663443107, -0.46977362690673513, -1.6667069686416005, 4.070355470242253, -0.7341272796578517, -2.9035871888186513, -1.1441916289179979, 2.840994945759293, 2.97323430671698, 4.4753748476664335, -0.5876539943568342, 0.24129169487356575, 2.5891006772213716]",-14.560020868355554
bbob_f018_i01_d20,18,1,CMAES,"[4.8507758795813345, 1.5326915949736266, -2.18146633503241, 1.7150808382847647, 2.4094854549881255, -2.5100088365202016, 3.383181303061825, -2.12585713096999, -0.9212029540228253, -2.752230706629135, 3.712203595870701, -1.4908082979502941, -3.116645175623658, -2.0523925483653938, 3.455561384925627, 3.916044898907538, 3.4361850519932062, -1.6903275267189755, 0.2505564374310323, 2.204336836056104]",-15.469225121568389
bbob_f018_i01_d20,18,1,DE,"[3.972680530947609, 2.65965662801304, -0.3575519415249182, -0.7121205023324375, 2.460460804909774, -0.8234110309973204, 2.875141577434904, -4.37793092956821, -4.20841943792531, -1.0139980323658242, 3.1403500485731453, -1.0832290626663759, -3.5621084159137464, -3.8237683522948362, 2.099739205296922, 4.043984973067914, 4.02110855813045, 0.1494049944198641, -0.409975799077416, 2.477541349380812]",-2.61811819835461
bbob_f019_i01_d20,19,1,PSO,"[0.43510278036200833, 0.04300176761959848, 1.0948545899834263, -1.1305748826533453, -3.3732670567757017, -1.5436937222130298, -0.16513422690428434, -0.8212682876223831, 0.1535688154652558, -0.7748499711353807, -1.8601734735409001, -0.7220432892233548, -0.68125721165666, -0.6495294601066026, -0.07654538832029675, -1.0598005211094237, 0.24949063269465535, -1.0526316246016778, -2.1308525094255675, 0.07963829136973599]",-97.91875902869675
bbob_f019_i01_d20,19,1,CMAES,"[2.74732349649301, -0.42563459375744994, 1.7136842407354251, 1.0850430207501285, -0.5927196312259095, -3.1984058785016996, -0.8139812920844101, -1.3072364999944188, -1.5234999492183658, -2.1226618880063923, -1.7643662007344778, -0.7001905763600469, 0.3786995865450944, 0.73893965543032, 1.4955246923655876, -3.4769704172346705, 0.7937562700981093, -1.537221638222964, -0.5142806910867943, 1.0485194580912793]",-98.03692566030223
bbob_f019_i01_d20,19,1,DE,"[-2.721420643747845, 0.48529260736810576, -0.739922454613602, 1.8003432892423368, -1.16665497566538, -1.621614673674204, -0.72319874988177, 2.2317426020375453, 0.10924335816290243, 0.735430476112485, 0.36027443656277214, -0.3213586524382137, 1.212729917414888, -1.2152628011058573, 0.2928073444658954, -0.4956456205524348, -1.0436951562974397, 1.017516463129545, 1.2651592302399037, -2.127465316937794]",-94.75872208295493
bbob_f020_i01_d20,20,1,PSO,"[0.6986813677188196, 1.7974455726767797, 2.0899542386520578, 0.8723714032892583, 1.9918045589288575, 0.5364707379245539, -0.2794182715303428, 2.560602214406828, -0.6344034757628876, 2.4596095841500634, 2.0080212863798477, 0.28382304009741716, 0.8209957709716271, -1.9021757736609737, 2.1772692023239886, -0.6450922627934458, 2.505646634876008, -1.9901695747761468, -1.7728096911933404, 1.0424921259585052]",-545.2010299754179
bbob_f020_i01_d20,20,1,CMAES,"[0.6241577659598292, -0.6176809439593782, 1.8236169633776118, -2.1751677158379117, 1.235211977424009, -2.3222528477480853, 0.46437288256436116, 2.036701944489076, -2.1218839832528347, 2.1005918380462614, 0.6170675257633063, 1.9192605514521643, 2.1512376190908604, -0.8518964017322492, 2.418076059198153, -0.9268513059009234, 2.3993404646054035, -1.6436284447281917, -1.0047369402963113, 2.0365189700200457]",-545.078710049951
bbob_f020_i01_d20,20,1,DE,"[1.6853879161375829, 2.1836369169772682, 0.3990395867729308, -1.6765341939510707, -0.904903913256327, -1.188001948367234, -1.127575764196647, 0.846770436293028, -0.06268345052727786, 0.92916782583433, 2.2911290921823193, 1.4813677809125687, 0.6920083763381804, -1.747930436184685, 1.01381974403878, -1.2315221908214564, 1.5707264828684755, -1.0562839462682216, -2.400142703151989, 1.6383861025391322]",-542.9109001527389
bbob_f021_i01_d20,21,1,PSO,"[-0.3286804274097564, 2.1773168371736165, -1.7496602902464062, 0.9711465609185916, 1.0353214555614143, 0.24885088864200378, 1.1629850345772794, -2.4197898002862903, -3.6604409090391568, 3.062781477266703, 0.7892885604022291, -1.419876919590195, 1.9791301331295241, 1.6475277154306585, 3.1617707965420037, -1.736933344475601, 2.7038022124492604, 0.6670858227359636, -3.2267850569629775, 1.9844634005187567]",43.154856856146395
bbob_f021_i01_d20,21,1,CMAES,"[-0.40874206471480967, -0.8005127493802151, -1.0150024991805968, 3.1312182525022045, 2.764701813065731, 0.3203472310958162, 0.9912293703542465, 3.6297260583509843, 2.7598839643526807, -3.5389208254515214, -4.082114449903758, -0.7951343370444857, 2.3631562686430456, -3.6073759887880374, -4.586690604997049, -1.4012831153313554, -1.5018401140378899, 2.8941278317391834, -4.646957797084105, 2.201635155828603]",63.30182804143148
bbob_f021_i01_d20,21,1,DE,"[3.268646308986124, 1.2859722759671979, 4.534091294566265, 2.356608709539399, -4.7436345055286155, -2.181045738848911, 0.3464634041282062, 1.3129460488963862, 0.9633246091023093, 0.38364399485656586, -4.9990666329933, -0.942911713785223, 2.317241155708637, 1.1385284547465933, 2.0583589711642802, -1.790214232564431, 3.026440820134418, 4.213381605435854, 0.3032212908537659, 0.14640304260941672]",65.47615601099176
bbob_f022_i01_d20,22,1,PSO,"[1.8113221685064949, -1.605700878774159, 0.9846692010809444, 3.8298812851108246, -4.576890455270138, 0.5746258366124438, -2.1505777573547977, 3.456588821795027, 4.15654810535203, -1.106930826262217, -3.249006763213009, 1.9356949640336745, -2.8238418294222383, -2.2039052389728506, -0.90106954528394, -0.21266938046548872, 2.929929219344648, 3.6956323829269544, 4.0211516727616115, 2.6261993637394347]",-999.2691044739989
bbob_f022_i01_d20,22,1,CMAES,"[-3.7923992743176513, -2.300839586557917, 1.7724528740186347, -4.649240647862987, 1.2771637973602896, -3.5358283640042867, -0.9343835294959772, -4.830506233031205, 2.141645255975714, 2.3478248777093658, 3.946218846356418, -1.4320379315975567, 1.3016419462284468, -0.762557245738746, -1.7527665532987275, -3.4701355640795715, 2.103010076605548, -0.28388883623943784, 0.5529077475449915, -2.2327821077185055]",-998.0450011404764
bbob_f022_i01_d20,22,1,DE,"[-3.3995281252517233, -2.6584067888272047, 1.7518647766327393, -4.553081291663545, 1.53623748790721, -3.376723507971529, -0.7175080562835319, -4.9910748467024, 2.843470185255449, 2.701123557988467, 4.552397997178019, -1.0590736957754237, 2.184355826631908, -1.5044775092250833, -1.585180146989388, -3.098116595042818, 1.4544918365058117, -0.21705566324775744, 0.5696834747202089, -2.1721322001422276]",-995.5775029473384
bbob_f023_i01_d20,23,1,PSO,"[-4.643067369412443, 4.835005137115697, -0.09416133776467381, -0.9194375552412195, 1.743103274653749, -3.5761972658338443, -0.5738476444656604, 0.2248380318457342, -0.024934779312214994, 0.8366206562543208, -2.496143902232777, -3.6534615966165047, -4.855351114182481, -1.6206291689557157, 2.756106919166442, 2.74616591839445, 0.5439135093821372, -0.7530263552855573, 2.9475868926463495, 1.2667182938197776]",10.297538444980532
bbob_f023_i01_d20,23,1,CMAES,"[-2.9123362381504627, 4.9850973779236565, 1.031219942881192, 1.3140715140263968, -3.3056727683750085, 0.45212710341614226, -2.606732904870442, -1.289625961833507, -2.9703740972681505, 4.76220726885551, 1.0302393150254137, 0.682510995266254, 2.9087205339950426, -3.504076429197525, -1.31243324989816, -0.1679817297877335, -3.192667301664886, -1.4687694633685577, 3.2205224062509643, 4.940154525839752]",10.047075129973244
bbob_f023_i01_d20,23,1,DE,"[-2.590806810409244, -4.458863396760001, -0.11374059963041105, 3.424458099564136, 1.1834586932788547, 0.3128781048105802, -2.517092710029014, -2.0492142475050414, -2.6007588516688624, 1.9548230844720185, -4.974498875526973, 3.9698506950758254, -2.966191671759489, 3.262275354923913, 3.8177062308280725, -0.13249255181661823, 0.9846469310463632, -4.253365745272054, -4.506230412881221, 0.12713179979246425]",9.926721818886811
bbob_f024_i01_d20,24,1,PSO,"[-1.4483406571581097, -1.9691311781966114, 0.6809097294371278, -0.02933967380128073, 1.4666922002275806, 1.6551105342053773, 1.01834058378596, 1.4473115502434553, 0.6365912914634176, -1.0743837051883758, 0.5096867363769513, 2.1744786210530758, 1.3047216188746646, -1.3885041202774417, 1.4256315687898895, -0.22668541111981755, 0.620417810957685, 1.461537878574844, 0.5753313939835388, -2.6948892251753245]",246.8131888854278
bbob_f024_i01_d20,24,1,CMAES,"[-0.07061828532546865, 1.2397180736686515, 0.01569004041501465, 1.1776639961830337, -1.4143760428349559, -0.8344924860494158, -0.43277333542318, -0.7142031180168225, -0.912351093609229, 0.7025418516934891, -0.8376355635904904, -1.1539374172035881, -0.5145756180642795, 1.1742780994837325, -2.0544055328162414, -2.309563739976423, -1.0742585015004922, -0.9908511491146088, -0.04881339079573088, 1.04423126734405]",229.1617514140795
bbob_f024_i01_d20,24,1,DE,"[0.44354186082622027, 1.0593906060581244, -1.5412861666825872, 0.8028711658563991, -1.869672766544663, -1.1215698663305949, -1.617319561011691, -1.8066314629744826, -2.1895725750800326, 2.6528086223870346, -1.0934636782513423, -2.6029674983919397, -1.6135921477825994, 1.554536583075018, -0.2713530892862791, 0.24113542706187985, -2.668527298047725, 0.4282257862054015, 2.518759494727731, 0.40078028049414893]",300.02184865222085
